fold,r2
1,0.7262453661411756
2,0.7269302780896593
3,0.7222024879895604
4,0.7246379189999972
5,0.724048458415216
Mean,0.7248129019271217
Std,0.0016711965396877337
