model,mae_improvement_A_to_B_pct,mae_improvement_B_to_C_pct,r2_improvement_A_to_B,r2_improvement_B_to_C
OLS,16.107698189770446,6.7199666078938955,0.207815406920558,0.05456605813418486
Lasso,16.13286819775962,6.7317018309780385,0.20823252524843222,0.05463781501275122
RandomForest,18.801516140502848,0.28730129281922073,0.17885934634651468,0.0023209106927528644
XGBoost,18.80154021290082,0.113728168330381,0.17989505073901824,0.0009625262704096027
