model,mae_improvement_A_to_B_pct,mae_improvement_B_to_C_pct,r2_improvement_A_to_B,r2_improvement_B_to_C
OLS,20.026591066741187,8.722765273115783,0.24409688832501025,0.07893713234645583
Lasso,20.022864299532152,8.75203333935044,0.24453897258979157,0.07892515295482228
RandomForest,18.910426682664937,13.710804790616049,0.17953464893703963,0.076860683855278
XGBoost,18.859419288396413,15.073333094999498,0.1806269251836573,0.08575166200366613
