cutoff,rows,mae_gbp,r2
1th/99th,8070049,83689.14056983848,0.6399241112764764
2th/98th,7915284,78446.8388206035,0.6290936769219788
5th/95th,7414076,69578.78092935271,0.5862985412269732
