split,mae_gbp,r2
Random 80/20,71169.74223705873,0.7235650711425164
Temporal 2023-2024,88301.75066209307,0.652665580317859
