{
  "South West": {
    "population_density": 236.73542212350114,
    "population_growth_pct": 0.8977762235539144,
    "median_age": 43.8,
    "net_migration_total": 28563.0,
    "housing_pressure_index": 2.3610163241705657,
    "base_rate_pct": 8.88,
    "cpi_yoy_pct": 2.2154316271963292,
    "median_household_income": 31432.0,
    "unemployment_rate": 2.7,
    "net_additions": 21723.0,
    "gva_total_millions": 141038.0
  },
  "West Midlands": {
    "population_density": 455.51735363222764,
    "population_growth_pct": 0.6892743282089775,
    "median_age": 40.0,
    "net_migration_total": -2104.0,
    "housing_pressure_index": 1.9849573192353294,
    "base_rate_pct": 8.88,
    "cpi_yoy_pct": 2.2727272727272707,
    "median_household_income": 31345.0,
    "unemployment_rate": 3.8684587,
    "net_additions": 21838.0,
    "gva_total_millions": 140713.0
  },
  "East of England": {
    "population_density": 328.22173002108707,
    "population_growth_pct": 0.8235760575275863,
    "median_age": 41.5,
    "net_migration_total": 20298.0,
    "housing_pressure_index": 1.9045840475564733,
    "base_rate_pct": 8.88,
    "cpi_yoy_pct": 2.2154316271963292,
    "median_household_income": 34104.0,
    "unemployment_rate": 3.2,
    "net_additions": 27457.0,
    "gva_total_millions": 161802.0
  },
  "South East": {
    "population_density": 482.05788265286105,
    "population_growth_pct": 0.7648120548844561,
    "median_age": 41.6,
    "net_migration_total": 22320.0,
    "housing_pressure_index": 1.724073545443296,
    "base_rate_pct": 8.88,
    "cpi_yoy_pct": 2.2154316271963292,
    "median_household_income": 35215.0,
    "unemployment_rate": 3.2,
    "net_additions": 38537.0,
    "gva_total_millions": 291483.0
  },
  "North West": {
    "population_density": 521.92267213811,
    "population_growth_pct": 0.5892064403934416,
    "median_age": 40.5,
    "net_migration_total": 20796.0,
    "housing_pressure_index": 1.7438764191939675,
    "base_rate_pct": 8.88,
    "cpi_yoy_pct": 2.2727272727272707,
    "median_household_income": 31330.0,
    "unemployment_rate": 3.9478657200000002,
    "net_additions": 26435.0,
    "gva_total_millions": 185588.0
  },
  "Yorkshire and The Humber": {
    "population_density": 354.7449209114012,
    "population_growth_pct": 0.3814924016552146,
    "median_age": 40.4,
    "net_migration_total": 1345.0,
    "housing_pressure_index": 1.530970723505596,
    "base_rate_pct": 8.88,
    "cpi_yoy_pct": 2.2727272727272707,
    "median_household_income": 30682.0,
    "unemployment_rate": 4.48455241,
    "net_additions": 12941.0,
    "gva_total_millions": 123795.0
  },
  "London": {
    "population_density": 5619.318551941324,
    "population_growth_pct": 0.7563969026331163,
    "median_age": 35.4,
    "net_migration_total": -128182.0,
    "housing_pressure_index": 1.902922405160804,
    "base_rate_pct": 8.88,
    "cpi_yoy_pct": 2.2154316271963292,
    "median_household_income": 39778.0,
    "unemployment_rate": 5.06153598,
    "net_additions": 38830.0,
    "gva_total_millions": 457797.0
  },
  "East Midlands": {
    "population_density": 310.04648129607546,
    "population_growth_pct": 0.8402782130555675,
    "median_age": 41.3,
    "net_migration_total": 11422.0,
    "housing_pressure_index": 2.2004032786691248,
    "base_rate_pct": 8.88,
    "cpi_yoy_pct": 2.2727272727272707,
    "median_household_income": 30690.0,
    "unemployment_rate": 3.13577097,
    "net_additions": 18829.0,
    "gva_total_millions": 110619.0
  },
  "North East": {
    "population_density": 307.36354878123996,
    "population_growth_pct": 0.2769840795955547,
    "median_age": 42.3,
    "net_migration_total": 7138.0,
    "housing_pressure_index": 0.8127278823188169,
    "base_rate_pct": 8.88,
    "cpi_yoy_pct": 2.2848438690022954,
    "median_household_income": 29584.0,
    "unemployment_rate": 5.58598122,
    "net_additions": 8986.0,
    "gva_total_millions": 53545.0
  }
}